CarNumber,Refund,Fines,Make,Model,Year
Y163O8161RUS,2.0,3200.0,Ford,Focus,1989
E432XX77RUS,1.0,6500.0,Toyota,Camry,1995
7184TT36RUS,1.0,2100.0,Ford,Focus,1984
X582HE161RUS,2.0,2000.0,Ford,Focus,2015
92918M178RUS,1.0,5700.0,Ford,Focus,2014
H234YH197RUS,2.0,6000.0,Ford,Focus,1990
E40577152RUS,1.0,8594.6,Ford,Focus,1988
707987163RUS,2.0,2200.0,Ford,Focus,2016
K330T8197RUS,2.0,8200.0,Skoda,Octavia,2018
X786CO96RUS,1.0,8594.6,Ford,Focus,2000
C477M7161RUS,1.0,2500.0,Ford,Focus,2000
O21997197RUS,1.0,2000.0,Ford,Focus,1992
M592CH197RUS,2.0,8594.6,Skoda,Octavia,1985
9020YC197RUS,2.0,145000.0,Skoda,Octavia,2018
8182XX154RUS,1.0,200.0,Ford,Focus,2017
7830C8197RUS,2.0,8594.6,Ford,Focus,1998
7066C8197RUS,2.0,15000.0,Volkswagen,Passat,1986
M298CH161RUS,2.0,8594.6,Ford,Focus,2014
E445TC197RUS,1.0,8594.6,Ford,Focus,1985
8440XX154RUS,1.0,6200.0,Ford,Focus,1996
9371CE154RUS,2.0,8594.6,Skoda,Octavia,2015
9182CE154RUS,2.0,19800.0,Ford,Focus,2007
83298C154RUS,2.0,8594.6,Ford,Focus,2013
Y7659C197RUS,2.0,8594.6,Ford,Focus,1992
C922YE197RUS,2.0,3800.0,Volkswagen,Golf,1998
7364C8197RUS,2.0,8594.6,Ford,Focus,1995
M5039X197RUS,2.0,7400.0,Volkswagen,,1986
8603T8154RUS,1.0,1500.0,Ford,Focus,2000
92928M178RUS,1.0,8594.6,Ford,Focus,2006
O672E8197RUS,2.0,63300.0,Skoda,Octavia,2008
E42277152RUS,2.0,10600.0,Ford,Focus,1989
C903MC161RUS,1.0,1600.0,Volkswagen,Jetta,1996
T7318T163RUS,2.0,12000.0,Toyota,Camry,1980
Y7719C197RUS,1.0,9200.0,Ford,Focus,1985
T011MY163RUS,1.0,2000.0,Ford,Focus,1985
H115YO163RUS,1.0,2200.0,Ford,Focus,2015
73467Y96RUS,1.0,800.0,Ford,Focus,1984
O134HE197RUS,1.0,8594.6,Ford,Focus,1992
H968HY161RUS,1.0,2400.0,Ford,Focus,2010
Y654E8750RUS,1.0,500.0,Skoda,Octavia,2010
H963HY161RUS,2.0,2800.0,Ford,Focus,1992
H232YH197RUS,2.0,8600.0,Ford,Focus,2018
7843C8197RUS,2.0,12300.0,Ford,Focus,2005
X791O796RUS,1.0,500.0,Ford,Focus,2012
H958HY161RUS,1.0,1800.0,Ford,Focus,2006
708587163RUS,2.0,1400.0,Ford,Focus,2012
Y973O8197RUS,2.0,8594.6,Ford,Focus,2005
97977H178RUS,1.0,1000.0,Ford,Focus,1995
H917TC36RUS,2.0,4000.0,Ford,Focus,1982
X786CO96RUS,1.0,1000.0,Ford,Focus,1987
Y7709C197RUS,1.0,500.0,Ford,Focus,2013
8513XX154RUS,1.0,1500.0,Ford,Focus,1988
T870X7163RUS,2.0,2000.0,Skoda,Octavia,2010
8818C877RUS,1.0,2500.0,Volkswagen,Passat,2004
T395OT197RUS,2.0,8594.6,Volkswagen,Touareg,2005
K327T8197RUS,2.0,20800.0,Volkswagen,Golf,1980
8311XX154RUS,2.0,8600.0,Ford,Focus,2005
X423MK197RUS,2.0,14300.0,Ford,Focus,2008
96429X178RUS,1.0,2600.0,Ford,Focus,1994
O275O7161RUS,2.0,16600.0,Ford,Focus,1985
7789KT197RUS,2.0,12600.0,Ford,Focus,1998
E28877161RUS,1.0,1000.0,Ford,Focus,2012
T6068M116RUS,1.0,1000.0,Ford,Focus,1984
9498KX178RUS,2.0,1600.0,Ford,Focus,2014
99209X178RUS,1.0,500.0,Skoda,Octavia,2012
T6449O50RUS,2.0,8594.6,Ford,Focus,1996
9683EC178RUS,2.0,26000.0,Ford,Focus,2015
Y353O8197RUS,2.0,21800.0,Ford,Focus,1981
O719MM163RUS,2.0,2300.0,Ford,Focus,1981
E535MM199RUS,1.0,500.0,Volkswagen,Touareg,2007
Y352O8197RUS,2.0,103600.0,Ford,Focus,2013
7788KT197RUS,2.0,12000.0,Ford,Focus,2012
E807HE77RUS,2.0,4500.0,Ford,Focus,2011
M516CH161RUS,1.0,1000.0,Ford,Focus,1982
89587X197RUS,1.0,8594.6,Toyota,Camry,2002
7781KT197RUS,2.0,600.0,Ford,Focus,1990
E645TH36RUS,1.0,2400.0,Ford,Focus,2009
Y302E877RUS,1.0,500.0,Ford,Focus,2005
M058XE36RUS,2.0,8500.0,Skoda,Octavia,1997
7830C8197RUS,1.0,5100.0,Ford,Focus,1983
8166XX154RUS,1.0,2400.0,Ford,Focus,1981
M589CH197RUS,2.0,7900.0,Volkswagen,,1981
9408H7178RUS,1.0,1000.0,Skoda,Octavia,1995
H387TM197RUS,2.0,1600.0,Volkswagen,Passat,2013
8049HT125RUS,1.0,500.0,Ford,Focus,2013
9698MO178RUS,2.0,18400.0,Volkswagen,Golf,1991
8685HE154RUS,1.0,1000.0,Ford,Focus,1991
7177TT36RUS,1.0,1000.0,Ford,Focus,1993
O77997197RUS,1.0,22400.0,Ford,Focus,2017
Y234E877RUS,1.0,8594.6,Ford,Focus,2016
97987H178RUS,2.0,5000.0,Ford,Focus,2002
X257HE161RUS,2.0,10000.0,Ford,Focus,1997
T399KX197RUS,2.0,10200.0,Ford,Focus,1989
H957HY161RUS,1.0,2000.0,Ford,Focus,2009
K379HY161RUS,1.0,200.0,Volkswagen,Golf,1983
T654HT96RUS,1.0,4000.0,Toyota,Corolla,2010
8439XX154RUS,2.0,4600.0,Ford,Focus,2018
Y965EE197RUS,2.0,9600.0,Ford,Focus,2008
X758HY197RUS,2.0,24200.0,Ford,Focus,2004
M0279X197RUS,2.0,180000.0,Ford,Focus,1981
H224X836RUS,1.0,3500.0,Ford,Focus,1981
E6849O154RUS,1.0,200.0,Volkswagen,Golf,2008
O83797197RUS,2.0,75900.0,Ford,Focus,1996
9402KK197RUS,2.0,8594.6,Toyota,Camry,2005
7368C8197RUS,1.0,4400.0,Ford,Focus,2015
H427YH197RUS,2.0,29700.0,Volkswagen,Passat,1990
9583EY178RUS,2.0,4300.0,Ford,Focus,1989
Y038E877RUS,2.0,6500.0,Ford,Focus,1984
9822H8161RUS,1.0,100.0,Ford,Focus,2008
7826C8197RUS,2.0,3600.0,Ford,Focus,1996
E160YX77RUS,2.0,2200.0,Ford,Focus,2014
82337X197RUS,2.0,2100.0,Ford,Focus,1980
X757HY197RUS,2.0,6800.0,Ford,Focus,2010
X765HY197RUS,2.0,13900.0,Ford,Focus,1994
934497178RUS,2.0,1900.0,Skoda,Octavia,1981
K2807K154RUS,1.0,1000.0,Ford,Focus,1994
T8008Y125RUS,2.0,1000.0,Ford,Focus,1981
X765HY197RUS,2.0,27800.0,Ford,Focus,2016
Y960EE197RUS,1.0,8594.6,Skoda,Octavia,1980
7840C8197RUS,2.0,7000.0,Ford,Focus,1983
K846YE77RUS,2.0,2000.0,Volkswagen,Passat,1987
E40577152RUS,1.0,500.0,Ford,Focus,2012
7827C8197RUS,1.0,7500.0,Ford,Focus,2004
Y655E8750RUS,2.0,5200.0,Skoda,Octavia,2015
H003MH197RUS,2.0,2900.0,Ford,Focus,2010
Y7699C197RUS,2.0,15800.0,Ford,Focus,1990
Y8399C197RUS,2.0,1800.0,Ford,Focus,2009
9135X938RUS,2.0,4400.0,Ford,Focus,2003
H385TM197RUS,1.0,9500.0,Volkswagen,Passat,2010
9428EX178RUS,1.0,1000.0,Ford,Focus,2017
H837YK197RUS,2.0,4200.0,Audi,,1992
O83597197RUS,2.0,4000.0,Ford,Focus,2015
E42577152RUS,2.0,8594.6,Ford,Focus,2014
E53277152RUS,1.0,1000.0,Ford,Focus,1998
C476M7161RUS,2.0,1500.0,Ford,Focus,2006
9943KK197RUS,2.0,29700.0,Ford,Focus,2011
8165XX154RUS,1.0,4900.0,Ford,Focus,1995
T476KX197RUS,1.0,1500.0,Ford,Focus,2005
C422X938RUS,2.0,10500.0,Ford,Focus,1998
K328T8197RUS,1.0,300.0,Volkswagen,Golf,1994
9466EX178RUS,2.0,800.0,Ford,Focus,2018
X256HE161RUS,1.0,2400.0,Ford,Focus,1983
Y275O8197RUS,1.0,8594.6,Ford,Focus,2006
8165XX154RUS,2.0,4200.0,Ford,Focus,2017
E432XX77RUS,2.0,13000.0,Toyota,Camry,1992
7830C8197RUS,2.0,10200.0,Ford,Focus,1981
H217X836RUS,1.0,2000.0,Ford,Focus,1985
Y316E877RUS,2.0,7000.0,Ford,Focus,1990
934497178RUS,1.0,3800.0,Skoda,Octavia,2016
O77997197RUS,2.0,8594.6,Ford,Focus,1983
8601XX154RUS,1.0,1300.0,Skoda,Octavia,2002
M741T9152RUS,2.0,1000.0,Ford,Focus,1985
9883HX152RUS,2.0,1000.0,Ford,Focus,1991
Y6829Y50RUS,1.0,500.0,Ford,Focus,1999
H004MH197RUS,1.0,39600.0,Ford,Focus,2015
704987163RUS,2.0,8594.6,Ford,Focus,2014
E160YX77RUS,2.0,1100.0,Ford,Focus,1991
E316EH197RUS,1.0,1300.0,Volkswagen,,1980
X758HY197RUS,2.0,72600.0,Ford,Focus,1985
O22297197RUS,1.0,500.0,Ford,Focus,2016
O02597197RUS,1.0,800.0,Ford,Focus,1981
X015HY197RUS,2.0,16000.0,Toyota,Corolla,2006
T769OT197RUS,2.0,30900.0,Volkswagen,Golf,2001
Y778EE197RUS,1.0,24000.0,Volkswagen,Golf,1996
7829C8197RUS,2.0,1800.0,Ford,Focus,1993
T272HH163RUS,1.0,1000.0,Ford,Focus,1995
T018OX197RUS,2.0,3400.0,Toyota,Corolla,2003
Y255E877RUS,1.0,2500.0,Ford,Focus,1982
9182CE154RUS,2.0,13200.0,Ford,Focus,1995
9697MO178RUS,1.0,1000.0,Volkswagen,Golf,1991
C477M7161RUS,2.0,5000.0,Ford,Focus,2008
T686EO197RUS,1.0,500.0,Toyota,Camry,1999
C590EY154RUS,2.0,8594.6,Ford,Focus,1998
T941CC96RUS,1.0,2000.0,Ford,Focus,2003
O22397197RUS,2.0,55500.0,Ford,Focus,2006
X242EC197RUS,2.0,10600.0,Volkswagen,Golf,1996
T020OX197RUS,1.0,34300.0,Toyota,Corolla,1994
E33577152RUS,2.0,2000.0,Ford,Focus,1987
Y973O8197RUS,1.0,34800.0,Ford,Focus,2013
E773EH197RUS,2.0,6800.0,Ford,Focus,1990
T6428M116RUS,2.0,6000.0,Ford,Focus,2011
Y7129Y50RUS,2.0,32000.0,Ford,Focus,2002
Y418EX197RUS,2.0,900.0,Volkswagen,Passat,1980
Y7689C197RUS,1.0,27000.0,Ford,Focus,1997
7066C8197RUS,1.0,3000.0,Volkswagen,Passat,1981
E52877152RUS,1.0,1500.0,Ford,Focus,1985
7369C8197RUS,2.0,8594.6,Ford,Focus,2002
Y166O8161RUS,1.0,100.0,Ford,Focus,2001
705287163RUS,2.0,2000.0,Ford,Focus,1990
K559KC161RUS,1.0,100.0,Ford,Focus,1991
M0299X197RUS,2.0,67200.0,Ford,Focus,1995
92928M178RUS,1.0,600.0,Ford,Focus,1993
9822H8161RUS,1.0,200.0,Ford,Focus,2015
8603T8154RUS,1.0,3000.0,Ford,Focus,1999
84418C154RUS,1.0,3000.0,Ford,Focus,1989
E53488152RUS,2.0,1800.0,Ford,Focus,2012
9697MO178RUS,1.0,500.0,Volkswagen,Golf,1998
Y7709C197RUS,1.0,1500.0,Ford,Focus,1983
90159H178RUS,2.0,600.0,Volkswagen,Passat,1983
C798ET50RUS,1.0,10000.0,Ford,Focus,1989
Y193O8161RUS,2.0,600.0,Ford,Focus,2005
7248C8197RUS,2.0,8600.0,Ford,Mondeo,2017
Y275O8197RUS,1.0,6000.0,Ford,Focus,2006
K357YE77RUS,1.0,5000.0,Volkswagen,Golf,1982
9697MO178RUS,1.0,8594.6,Volkswagen,Golf,1981
E0697X152RUS,1.0,2000.0,Skoda,Octavia,2004
E40877152RUS,1.0,1000.0,Ford,Focus,1991
Y351O8197RUS,1.0,1500.0,Ford,Focus,2001
Y356O8197RUS,2.0,45900.0,Ford,Focus,2010
O6939X163RUS,1.0,7200.0,Ford,Focus,1991
Y7649C197RUS,2.0,5300.0,Ford,Focus,2018
9935TE152RUS,2.0,2500.0,Ford,Focus,2013
704687163RUS,2.0,1400.0,Ford,Focus,2014
7197TT36RUS,2.0,6800.0,Ford,Focus,1991
X765HY197RUS,2.0,41700.0,Ford,Focus,1985
H115YO163RUS,1.0,8594.6,Ford,Focus,1981
O143HO197RUS,2.0,30300.0,Toyota,Corolla,1987
K436MO152RUS,1.0,1500.0,Ford,Focus,2014
9938OH154RUS,1.0,500.0,Skoda,Octavia,1993
E34877152RUS,2.0,6100.0,Ford,Focus,2000
E5878M777RUS,1.0,8500.0,Skoda,Octavia,1993
E33577152RUS,1.0,1000.0,Ford,Focus,2008
7844C8197RUS,2.0,34000.0,Ford,Focus,1983
X256HE161RUS,2.0,800.0,Ford,Focus,1980
C584EY154RUS,1.0,500.0,Ford,Focus,1995
E28977161RUS,2.0,1500.0,Ford,Focus,2017
T016OX197RUS,2.0,3200.0,Toyota,Corolla,1983
H889YK197RUS,2.0,10600.0,Ford,Focus,2008
7363C8197RUS,2.0,1600.0,Ford,Focus,1989
T6039O50RUS,2.0,1500.0,Ford,Focus,1997
7365C8197RUS,1.0,2300.0,Ford,Focus,1986
Y967O8197RUS,1.0,4000.0,Ford,Focus,1981
E816HE77RUS,1.0,3000.0,Ford,Focus,2010
T6329O50RUS,1.0,500.0,Ford,Focus,2018
X504X8197RUS,1.0,8594.6,Skoda,Octavia,1999
M581CH197RUS,1.0,200.0,Ford,Focus,2002
X523OM161RUS,2.0,800.0,Ford,Focus,2013
C412X938RUS,1.0,1000.0,Ford,Focus,2002
7831C8197RUS,2.0,3400.0,Ford,Focus,1992
8164XX154RUS,2.0,4400.0,Ford,Focus,2003
H004MH197RUS,2.0,9900.0,Ford,Focus,2018
X015HY197RUS,2.0,24000.0,Toyota,Corolla,1987
T6419O50RUS,2.0,9000.0,Ford,Focus,1998
E822TH36RUS,2.0,12900.0,Ford,Focus,2009
8437XX154RUS,1.0,8594.6,Ford,Focus,2011
E445TC197RUS,1.0,3400.0,Ford,Focus,2006
C515X938RUS,1.0,1900.0,Ford,Focus,2001
7172TT36RUS,2.0,5700.0,Ford,Focus,2003
8436XX154RUS,1.0,800.0,Ford,Focus,2014
E79988152RUS,1.0,500.0,Ford,Focus,1999
8180XX154RUS,1.0,2800.0,Ford,Focus,1992
84438C154RUS,2.0,3800.0,Ford,Focus,1985
T6309O50RUS,2.0,24000.0,Ford,Focus,2003
T6129O50RUS,2.0,6000.0,Ford,Focus,1985
K339T8197RUS,2.0,19200.0,Ford,Focus,1996
8685HE154RUS,1.0,2000.0,Ford,Focus,2013
X782CO96RUS,1.0,8594.6,Ford,Focus,2012
E591HE77RUS,2.0,6000.0,Ford,Focus,2007
89587X197RUS,1.0,4400.0,Toyota,Camry,1995
9499KX178RUS,1.0,2300.0,Ford,Focus,2014
8818C877RUS,1.0,5000.0,Volkswagen,Passat,2007
Y357O8197RUS,1.0,2200.0,Ford,Focus,2015
Y652O8197RUS,1.0,5800.0,Volkswagen,Touareg,2009
X767HY197RUS,2.0,18000.0,Ford,Focus,2015
H220X836RUS,1.0,7000.0,Ford,Focus,1984
H218X836RUS,2.0,17500.0,Ford,Focus,1990
T913CT197RUS,1.0,7900.0,Toyota,Camry,2004
T6439O50RUS,2.0,16500.0,Ford,Focus,2017
7784KT197RUS,2.0,13200.0,Ford,Focus,2004
X286TC36RUS,2.0,8594.6,Ford,Focus,1993
O752MX161RUS,1.0,1300.0,Ford,Focus,1982
Y7449Y50RUS,1.0,8000.0,Ford,Focus,1986
H115YO163RUS,2.0,1100.0,Ford,Focus,2004
8818C877RUS,2.0,10000.0,Volkswagen,Passat,1997
92828M178RUS,1.0,300.0,Ford,Focus,2006
Y650E8750RUS,1.0,500.0,Skoda,Octavia,2008
X767HY197RUS,2.0,36000.0,Ford,Focus,1984
9498KX178RUS,2.0,800.0,Ford,Focus,2002
83298C154RUS,1.0,100.0,Ford,Focus,1987
8321XX154RUS,1.0,100.0,Ford,Focus,2011
8316XX154RUS,1.0,2200.0,Ford,Focus,2010
T017OX197RUS,2.0,12700.0,Toyota,Corolla,1994
H977HY161RUS,1.0,8594.6,Ford,Focus,2016
7788KT197RUS,2.0,8594.6,Ford,Focus,1987
X522OM161RUS,1.0,1500.0,Ford,Focus,2010
O085E8197RUS,1.0,300.0,Volkswagen,Golf,2004
8166XX154RUS,1.0,600.0,Ford,Focus,2009
705387163RUS,2.0,700.0,Ford,Focus,2005
O017KO197RUS,1.0,800.0,Ford,Focus,1996
X4138H125RUS,1.0,300.0,Ford,Focus,1998
8441XX154RUS,1.0,500.0,Ford,Focus,1992
M0269X197RUS,2.0,8594.6,Ford,Focus,2004
7781KT197RUS,1.0,1200.0,Ford,Focus,2006
T483CT96RUS,1.0,500.0,Ford,Focus,1983
T940CC96RUS,2.0,1500.0,Ford,Focus,2009
C58078163RUS,1.0,100.0,Ford,Focus,1989
O02397197RUS,1.0,4000.0,Volkswagen,Jetta,1990
T018OX197RUS,2.0,6800.0,Toyota,Corolla,1981
H963HY161RUS,1.0,1400.0,Ford,Focus,1997
8611T8154RUS,2.0,2000.0,Ford,Focus,2008
704787163RUS,2.0,2800.0,Ford,Focus,2005
E53488152RUS,2.0,3600.0,Ford,Focus,2018
Y7129Y50RUS,1.0,16000.0,Ford,Focus,2009
C313MM99RUS,1.0,7500.0,Toyota,Camry,2012
8611T8154RUS,1.0,1000.0,Ford,Focus,1987
X763HY197RUS,2.0,9500.0,Ford,Focus,1980
M386M9197RUS,2.0,5800.0,Volkswagen,Golf,2005
8605T8154RUS,1.0,1000.0,Ford,Focus,2002
O22297197RUS,1.0,8594.6,Ford,Focus,1988
7147OE161RUS,1.0,500.0,Ford,Focus,2016
O134HE197RUS,2.0,7600.0,Ford,Focus,1990
7361C8197RUS,1.0,1600.0,Ford,Focus,1992
Y359EY197RUS,2.0,3000.0,Skoda,Octavia,2011
T6559O50RUS,1.0,4000.0,Ford,Focus,2009
E53277152RUS,1.0,500.0,Ford,Focus,2006
X015HY197RUS,1.0,8000.0,Toyota,Corolla,1991
9469EX178RUS,2.0,2100.0,Ford,Focus,2009
Y6839Y50RUS,2.0,3000.0,Ford,Focus,1985
H237YH197RUS,1.0,600.0,Ford,Focus,1986
T948OM96RUS,1.0,2000.0,Ford,Focus,2015
T395KX197RUS,2.0,15200.0,Ford,Focus,2003
M301CH161RUS,1.0,8000.0,Ford,Focus,1995
M581CH197RUS,1.0,100.0,Ford,Focus,1990
E79988152RUS,1.0,1500.0,Ford,Focus,2000
9496KX178RUS,1.0,500.0,Ford,Focus,1988
T6319O50RUS,2.0,8594.6,Ford,Focus,2009
H305T8197RUS,1.0,28100.0,Ford,Focus,1998
8201XX154RUS,2.0,2600.0,Ford,Focus,1985
O64297197RUS,1.0,300.0,Ford,Focus,1998
9523M8178RUS,1.0,600.0,Skoda,Octavia,1988
Y273O8197RUS,2.0,52600.0,Ford,Focus,1994
T6229O50RUS,2.0,2500.0,Ford,Focus,1999
9943KK197RUS,2.0,19800.0,Ford,Focus,1980
X023HY197RUS,2.0,10200.0,Volvo,,2015
8226XX154RUS,2.0,1000.0,Ford,Focus,1987
Y038TO197RUS,1.0,7600.0,Toyota,Corolla,2006
M0289X197RUS,2.0,40600.0,Ford,Focus,2006
E811HE77RUS,2.0,7000.0,Ford,Focus,1996
X795O796RUS,1.0,2000.0,Ford,Focus,2012
O39997197RUS,1.0,9000.0,Ford,Focus,2001
97968K152RUS,2.0,500.0,Ford,Focus,1980
K339T8197RUS,2.0,8594.6,Ford,Focus,2013
H219X836RUS,1.0,1600.0,Ford,Focus,2000
T6169O50RUS,1.0,500.0,Ford,Focus,2000
Y352O8197RUS,2.0,25900.0,Ford,Focus,1982
94178K154RUS,1.0,500.0,Ford,Focus,1994
7365C8197RUS,2.0,6900.0,Ford,Focus,1995
9467EX178RUS,2.0,3700.0,Ford,Focus,1981
O78097197RUS,2.0,1400.0,Ford,Focus,2002
X5707X161RUS,2.0,500.0,Volkswagen,Passat,1983
Y232E877RUS,2.0,5000.0,Ford,Focus,1980
Y388E877RUS,2.0,19000.0,Ford,Focus,2012
X255HE161RUS,1.0,400.0,Ford,Focus,2003
E552MO152RUS,1.0,8594.6,Ford,Focus,2004
97998K152RUS,2.0,6300.0,Ford,Focus,2018
Y963O8197RUS,2.0,21600.0,Ford,Focus,1984
Y778EE197RUS,2.0,168000.0,Volkswagen,Golf,1985
T654HT96RUS,2.0,2000.0,Toyota,Corolla,2010
T477KX197RUS,2.0,94000.0,Ford,Focus,2001
T2639T116RUS,1.0,3000.0,Ford,Focus,1985
O49797197RUS,2.0,5300.0,Ford,Focus,1980
O83597197RUS,2.0,8000.0,Ford,Focus,1986
H387TM197RUS,2.0,3200.0,Volkswagen,Passat,1993
O68897197RUS,1.0,8200.0,Ford,Focus,2006
72457Y96RUS,1.0,900.0,Ford,Focus,2017
7064C8197RUS,1.0,12800.0,Volkswagen,Passat,1994
E948C8152RUS,2.0,6000.0,Ford,Focus,1989
C514X938RUS,2.0,8594.6,Ford,Focus,2000
C589EY154RUS,1.0,4500.0,Ford,Focus,1982
K899T8197RUS,2.0,15400.0,Ford,Focus,1995
T6418M116RUS,2.0,24600.0,Ford,Focus,1997
8607XX154RUS,2.0,2400.0,Skoda,Octavia,2017
92778M178RUS,2.0,3000.0,Ford,Focus,1990
T288CT96RUS,1.0,4500.0,Ford,Focus,1995
9886HX152RUS,2.0,2900.0,Ford,Focus,1989
C583EY154RUS,1.0,1000.0,Ford,Focus,1982
7788KT197RUS,1.0,20000.0,Ford,Focus,2016
T016OX197RUS,2.0,9600.0,Toyota,Corolla,1983
T6419O50RUS,2.0,27000.0,Ford,Focus,2004
C592EY154RUS,1.0,1000.0,Ford,Focus,1995
T6459O50RUS,1.0,2000.0,Ford,Focus,2004
Y356O8197RUS,2.0,8594.6,Ford,Focus,2007
X759HY197RUS,2.0,12500.0,Ford,Focus,2001
705787163RUS,1.0,100.0,Ford,Focus,2001
Y973O8197RUS,1.0,69600.0,Ford,Focus,1989
92898M178RUS,1.0,1600.0,Ford,Focus,1985
9671EC178RUS,1.0,600.0,Ford,Focus,2002
M302CH161RUS,1.0,500.0,Ford,Focus,2009
X023HY197RUS,2.0,6800.0,Volvo,,2009
M578CH197RUS,2.0,9000.0,Ford,Focus,1992
O77997197RUS,2.0,5600.0,Ford,Focus,1990
7368C8197RUS,2.0,8800.0,Ford,Focus,1982
9683EC178RUS,2.0,6500.0,Ford,Focus,1984
Y207O8161RUS,1.0,500.0,Ford,Focus,2014
96659X178RUS,1.0,2700.0,Ford,Focus,2005
T912CT197RUS,2.0,19800.0,Toyota,Camry,1986
7183TT36RUS,2.0,16200.0,Ford,Focus,2015
89557X197RUS,2.0,22400.0,Toyota,Camry,2010
E773EH197RUS,2.0,8594.6,Ford,Focus,1993
Y359O8197RUS,1.0,2000.0,Ford,Focus,2017
K2817K154RUS,1.0,4500.0,Ford,Focus,1991
X758HY197RUS,2.0,145200.0,Ford,Focus,2003
Y964O8197RUS,1.0,1000.0,Ford,Focus,1987
H967HY161RUS,2.0,4500.0,Ford,Focus,2009
E394MO152RUS,2.0,10500.0,Ford,Focus,1986
O50699163RUS,1.0,1100.0,Ford,Focus,2005
9463EX178RUS,1.0,1400.0,Ford,Focus,2017
E53677152RUS,2.0,5500.0,Ford,Focus,2004
K338T8197RUS,2.0,17400.0,Ford,Focus,1998
Y4298M777RUS,2.0,2000.0,Skoda,Octavia,1987
Y687HM197RUS,1.0,8594.6,BMW,,2011
8311XX154RUS,2.0,4300.0,Ford,Focus,2009
98037H178RUS,2.0,2500.0,Ford,Focus,1985
7828C8197RUS,2.0,6700.0,Ford,Focus,2013
H980HY161RUS,2.0,1800.0,Ford,Focus,1985
H906YK197RUS,1.0,12000.0,Ford,Focus,2014
7199MT197RUS,1.0,9300.0,Volkswagen,Golf,2014
X908XC197RUS,2.0,46000.0,Volkswagen,Jetta,1988
T171CC96RUS,2.0,2000.0,Ford,Focus,2016
X4108H125RUS,2.0,1300.0,Ford,Focus,1989
Y966O8197RUS,2.0,10400.0,Ford,Focus,2013
K2797K154RUS,2.0,2400.0,Ford,Focus,1998
7089H8163RUS,2.0,4400.0,Toyota,Corolla,1992
9883HX152RUS,1.0,500.0,Ford,Focus,1988
7841C8197RUS,1.0,12000.0,Ford,Focus,2007
9940KK197RUS,1.0,8594.6,Ford,Focus,1988
H224X836RUS,2.0,7000.0,Ford,Focus,1989
H971HY161RUS,2.0,7400.0,Ford,Focus,2011
M0269X197RUS,2.0,20600.0,Ford,Focus,1985
E316EH197RUS,1.0,1300.0,Volkswagen,Touareg,2000
X257HE161RUS,1.0,5000.0,Ford,Focus,2010
H844YH197RUS,2.0,3000.0,Ford,Focus,2018
9523M8178RUS,2.0,300.0,Skoda,Octavia,1984
E33477152RUS,1.0,500.0,Ford,Focus,2017
Y156E877RUS,2.0,7500.0,Ford,Focus,2013
E396MO152RUS,2.0,3000.0,Ford,Focus,2013
E0697X152RUS,2.0,8594.6,Skoda,Octavia,1989
Y969O8197RUS,1.0,15600.0,Ford,Focus,2009
9028CO161RUS,1.0,1500.0,Ford,Focus,2010
7840C8197RUS,2.0,3500.0,Ford,Focus,1990
T6249O50RUS,2.0,8500.0,Ford,Focus,2004
E53677152RUS,2.0,11000.0,Ford,Focus,1990
E42377152RUS,2.0,3000.0,Ford,Focus,2001
9941KK197RUS,1.0,800.0,Ford,Focus,2007
E28877161RUS,1.0,500.0,Ford,Focus,2017
M0299X197RUS,2.0,19200.0,Ford,Focus,2005
M372CH197RUS,1.0,21600.0,Ford,Focus,2002
K040CC197RUS,2.0,3600.0,Ford,Focus,2016
E41577152RUS,2.0,3000.0,Ford,Focus,2009
9763HY161RUS,1.0,900.0,Ford,Focus,2013
T535ET96RUS,2.0,3000.0,Ford,Focus,2001
92918M178RUS,2.0,7600.0,Ford,Focus,1997
Y655E8750RUS,1.0,2600.0,Skoda,Octavia,2015
K2797K154RUS,1.0,8594.6,Ford,Focus,2002
K559KC161RUS,1.0,200.0,Ford,Focus,1994
7369C8197RUS,2.0,10100.0,Ford,Focus,2015
8321XX154RUS,1.0,200.0,Ford,Focus,2016
O134HE197RUS,2.0,11400.0,Ford,Focus,2010
H961HY161RUS,2.0,2500.0,Ford,Focus,1992
M2169X197RUS,2.0,3100.0,Ford,Focus,2011
707987163RUS,1.0,1100.0,Ford,Focus,1990
8234XX154RUS,1.0,1300.0,Ford,Focus,2003
X759HY197RUS,1.0,37500.0,Ford,Focus,1985
O83697197RUS,2.0,6100.0,Ford,Focus,2015
92918M178RUS,1.0,1900.0,Ford,Focus,2009
92928M178RUS,1.0,1200.0,Ford,Focus,2002
E52677152RUS,2.0,2500.0,Ford,Focus,2008
8451M7154RUS,1.0,500.0,Ford,Focus,2011
9589EY178RUS,1.0,8594.6,Ford,Focus,1991
H907YK197RUS,2.0,7100.0,Ford,Focus,2012
O39897197RUS,2.0,3800.0,Ford,Focus,2011
M3879X197RUS,2.0,6300.0,Volkswagen,Touareg,2005
C299K9154RUS,1.0,500.0,Ford,Focus,2013
M0299X197RUS,1.0,9600.0,Ford,Focus,2007
8437XX154RUS,2.0,800.0,Ford,Focus,2002
9468EX178RUS,1.0,4000.0,Ford,Focus,1983
M375CH197RUS,2.0,18100.0,Ford,Focus,2011
H982HY161RUS,1.0,300.0,Ford,Focus,2011
8201XX154RUS,1.0,7800.0,Ford,Focus,2008
8224XX154RUS,1.0,2500.0,Ford,Focus,1989
O22397197RUS,1.0,18500.0,Ford,Focus,1995
Y653E8750RUS,1.0,500.0,Skoda,Octavia,2007
K558KC161RUS,1.0,500.0,Ford,Focus,2005
O058M7161RUS,1.0,1900.0,Ford,Focus,1987
M256OH161RUS,2.0,1600.0,Ford,Focus,2002
7183TT36RUS,2.0,5400.0,Ford,Focus,2012
T242H8197RUS,2.0,8594.6,Skoda,Octavia,1982
K27188138RUS,1.0,2000.0,Ford,Focus,1991
X782CO96RUS,1.0,1000.0,Ford,Focus,2011
Y7659C197RUS,1.0,1500.0,Ford,Focus,1986
X523OM161RUS,1.0,400.0,Ford,Focus,1998
96629X178RUS,1.0,7000.0,Ford,Focus,2005
9881HX152RUS,2.0,10300.0,Ford,Focus,1991
9020YC197RUS,2.0,72500.0,Skoda,Octavia,2005
T479KX197RUS,2.0,12000.0,Ford,Focus,1993
M680T9152RUS,2.0,9000.0,Volkswagen,Jetta,1985
7831C8197RUS,2.0,6800.0,Ford,Focus,2002
7844C8197RUS,2.0,17000.0,Ford,Focus,1994
T011MY163RUS,2.0,4000.0,Ford,Focus,2015
C410X938RUS,1.0,1100.0,Ford,Focus,1981
X762HY197RUS,1.0,500.0,Ford,Focus,1993
9470EX178RUS,1.0,500.0,Ford,Focus,1980
X4128H125RUS,2.0,8594.6,Ford,Focus,2006
9762HY161RUS,2.0,2600.0,Ford,Focus,2001
H419XE197RUS,2.0,6900.0,Toyota,Corolla,1998
98017H178RUS,1.0,1500.0,Ford,Focus,1996
Y780EE197RUS,2.0,4600.0,Volkswagen,Golf,2014
M580CH197RUS,2.0,9500.0,Ford,Focus,1996
T686EO197RUS,1.0,1000.0,Toyota,Camry,1984
9943OH154RUS,1.0,400.0,Skoda,Octavia,1999
Y354O8197RUS,1.0,10800.0,Ford,Focus,2009
7065C8197RUS,1.0,3800.0,Volkswagen,Passat,2000
E28777161RUS,1.0,800.0,Ford,Focus,2018
M701T9152RUS,2.0,3000.0,Ford,Focus,2015
E577HE77RUS,2.0,12000.0,Ford,Focus,1993
92788M178RUS,1.0,1200.0,Ford,Focus,2010
9072EM178RUS,2.0,4400.0,Ford,Focus,2012
9409H7178RUS,1.0,3000.0,Skoda,Octavia,1998
C3829X154RUS,2.0,13500.0,Ford,Focus,2017
T478KX197RUS,2.0,7500.0,Ford,Focus,1986
T119CT96RUS,1.0,2000.0,Ford,Focus,1982
X795O796RUS,1.0,1000.0,Ford,Focus,1999
708487163RUS,1.0,1000.0,Ford,Focus,2011
H983HY161RUS,1.0,500.0,Ford,Focus,2014
7842C8197RUS,1.0,6000.0,Ford,Focus,2008
O64097197RUS,2.0,8594.6,Ford,Focus,2008
Y693HM197RUS,2.0,6500.0,BMW,,1992
96857X197RUS,1.0,37800.0,Skoda,Octavia,1993
7177TT36RUS,1.0,500.0,Ford,Focus,1996
9428EX178RUS,1.0,500.0,Ford,Focus,2015
84438C154RUS,2.0,7600.0,Ford,Focus,1995
Y7689C197RUS,2.0,9000.0,Ford,Focus,1995
H427YH197RUS,1.0,9900.0,Volkswagen,Passat,1996
T394KX197RUS,2.0,1500.0,Ford,Focus,2007
O49897197RUS,2.0,11800.0,Ford,Focus,1992
H963X936RUS,1.0,1800.0,Skoda,Octavia,2013
T341CC96RUS,2.0,1000.0,Volkswagen,Passat,1986
9942KK197RUS,2.0,6200.0,Ford,Focus,1993
9141H8178RUS,1.0,300.0,Skoda,Octavia,1982
9942KK197RUS,2.0,3100.0,Ford,Focus,1988
7370C8197RUS,2.0,5000.0,Ford,Focus,2003
9890HX152RUS,2.0,9200.0,Ford,Focus,2002
9409H7178RUS,1.0,6000.0,Skoda,Octavia,2013
M268CH197RUS,1.0,800.0,Toyota,Camry,1989
Y780EE197RUS,1.0,2300.0,Volkswagen,Golf,1999
Y388E877RUS,2.0,9500.0,Ford,Focus,2012
C419X938RUS,1.0,1100.0,Ford,Focus,1980
M0319X197RUS,2.0,4500.0,Ford,Focus,1984
M577CH197RUS,2.0,17000.0,Ford,Focus,1992
7361C8197RUS,1.0,8594.6,Ford,Focus,1988
H975HY161RUS,1.0,2000.0,Ford,Focus,1994
X018HY197RUS,2.0,10600.0,Toyota,Camry,2000
E33177152RUS,2.0,7100.0,Ford,Focus,1999
X256HE161RUS,2.0,1600.0,Ford,Focus,2000
Y7689C197RUS,2.0,45000.0,Ford,Focus,2012
7788KT197RUS,2.0,4000.0,Ford,Focus,1998
9491H7178RUS,1.0,500.0,Volkswagen,Jetta,2000
M374CH197RUS,1.0,5500.0,Ford,Focus,2018
96679X178RUS,2.0,2400.0,Ford,Focus,2007
9594HY161RUS,1.0,300.0,Ford,Focus,2002
83218C154RUS,1.0,100.0,Ford,Focus,2012
9764HY161RUS,1.0,800.0,Ford,Focus,1990
708187163RUS,1.0,1000.0,Ford,Focus,1982
H908YK197RUS,1.0,4800.0,Ford,Focus,2004
H004MH197RUS,2.0,19800.0,Ford,Focus,2013
92788M178RUS,1.0,300.0,Ford,Focus,2005
Y656E8750RUS,1.0,8594.6,Skoda,Octavia,1999
9679EC178RUS,1.0,500.0,Ford,Focus,2003
O017KO197RUS,1.0,1600.0,Ford,Focus,2017
H957HY161RUS,1.0,1000.0,Ford,Focus,2016
X286TC36RUS,1.0,500.0,Ford,Focus,1992
C803KE163RUS,1.0,1000.0,Volkswagen,Jetta,1981
Y7379Y50RUS,2.0,2000.0,Ford,Focus,2013
X320MK197RUS,1.0,7500.0,Ford,Focus,1994
C476M7161RUS,2.0,500.0,Ford,Focus,1991
H844YH197RUS,1.0,1000.0,Ford,Focus,2006
96907X197RUS,2.0,3000.0,BMW,,1990
Y650E8750RUS,1.0,1000.0,Skoda,Octavia,1988
H235YH197RUS,2.0,5100.0,Skoda,Octavia,2008
9474EX178RUS,1.0,500.0,Ford,Focus,1985
Y8259C197RUS,1.0,1500.0,Ford,Focus,1992
E29577161RUS,1.0,500.0,Ford,Focus,2000
X761HY197RUS,2.0,18300.0,Ford,Focus,1997
H387TM197RUS,1.0,8594.6,Volkswagen,Passat,1988
T396KX197RUS,2.0,10300.0,Ford,Focus,2008
C593EY154RUS,1.0,1000.0,Ford,Focus,1991
Y164O8161RUS,1.0,800.0,Ford,Focus,1987
M942OT152RUS,1.0,2000.0,Ford,Focus,1982
T476KX197RUS,2.0,4500.0,Ford,Focus,1982
H889YK197RUS,2.0,21200.0,Ford,Focus,2004
Y7429Y50RUS,2.0,2000.0,Ford,Focus,1988
H976HY161RUS,2.0,2200.0,Ford,Focus,1989
C410X938RUS,2.0,2200.0,Ford,Focus,1996
Y195O8161RUS,1.0,100.0,Ford,Focus,2000
O669E8197RUS,1.0,18000.0,Ford,Focus,2004
Y187O8161RUS,2.0,400.0,Ford,Focus,2001
K329T8197RUS,2.0,13000.0,Skoda,Octavia,2016
96659X178RUS,1.0,900.0,Ford,Focus,1990
7842C8197RUS,2.0,12000.0,Ford,Focus,1996
O275O7161RUS,1.0,8300.0,Ford,Focus,1990
9677MO178RUS,1.0,2200.0,Ford,Mondeo,1992
H957HY161RUS,1.0,8594.6,Ford,Focus,1989
M0279X197RUS,2.0,36000.0,Ford,Focus,1995
9939KK197RUS,1.0,1600.0,Ford,Focus,2016
Y8399C197RUS,1.0,600.0,Ford,Focus,1990
M373CH197RUS,2.0,6600.0,Ford,Focus,1989
7164YM36RUS,2.0,18800.0,Ford,Focus,2009
7843C8197RUS,2.0,4100.0,Ford,Focus,1989
O753MX161RUS,2.0,700.0,Ford,Focus,2013
9468EX178RUS,2.0,2000.0,Ford,Focus,2003
T395KX197RUS,2.0,7600.0,Ford,Focus,2017
T6488M116RUS,2.0,21000.0,Ford,Focus,2013
7361C8197RUS,1.0,800.0,Ford,Focus,1981
98047H178RUS,1.0,500.0,Ford,Focus,1992
8316XX154RUS,1.0,1100.0,Ford,Focus,2018
O752MX161RUS,2.0,2600.0,Ford,Focus,2003
8234XX154RUS,2.0,2600.0,Ford,Focus,1984
9488EY178RUS,2.0,1300.0,Ford,Focus,1982
96857X197RUS,2.0,18900.0,Skoda,Octavia,2016
O481OH77RUS,2.0,1000.0,Toyota,Camry,2007
K326T8197RUS,1.0,100.0,Volkswagen,Passat,1999
90159H178RUS,1.0,8594.6,Volkswagen,Passat,1984
9469EX178RUS,1.0,4200.0,Ford,Focus,1990
X796TH96RUS,1.0,500.0,Ford,Focus,2013
9499KX178RUS,1.0,4600.0,Ford,Focus,2014
Y358O8197RUS,2.0,21800.0,Ford,Focus,2016
C420X938RUS,2.0,3300.0,Ford,Focus,1994
Y965O8197RUS,2.0,1600.0,Ford,Focus,1994
96429X178RUS,2.0,1300.0,Ford,Focus,2008
Y274O8197RUS,2.0,10700.0,Ford,Focus,1998
Y358O8197RUS,1.0,43600.0,Ford,Focus,1983
E223YM197RUS,2.0,19500.0,Ford,Focus,1995
E42277152RUS,2.0,5300.0,Ford,Focus,2012
E34877152RUS,2.0,36600.0,Ford,Focus,1994
Y964EE197RUS,2.0,8594.6,Ford,Focus,2005
T6049O50RUS,2.0,15000.0,Ford,Focus,1993
8601XX154RUS,1.0,3900.0,Skoda,Octavia,1999
H259HY161RUS,1.0,900.0,Toyota,Corolla,2004
T940CC96RUS,1.0,500.0,Ford,Focus,2012
T288CT96RUS,1.0,1500.0,Ford,Focus,1986
Y6839Y50RUS,1.0,1500.0,Ford,Focus,2007
Y344E877RUS,1.0,1000.0,Ford,Focus,1997
K889HY161RUS,2.0,46200.0,Ford,Mondeo,1982
H214X836RUS,1.0,8000.0,Ford,Focus,2008
T399KX197RUS,2.0,15300.0,Ford,Focus,2015
O421OT161RUS,1.0,1200.0,Skoda,Octavia,2012
H232YH197RUS,1.0,8594.6,Ford,Focus,2005
7360C8197RUS,2.0,9600.0,Ford,Focus,2007
T6418M116RUS,1.0,49200.0,Ford,Focus,2007
7248C8197RUS,2.0,34400.0,Ford,Mondeo,2013
Y194O8161RUS,2.0,900.0,Ford,Focus,2008
9881HX152RUS,2.0,20600.0,Ford,Focus,2006
T6359O50RUS,2.0,13500.0,Ford,Focus,2007
E29677161RUS,2.0,6000.0,Ford,Focus,2004
T020MM116RUS,2.0,3000.0,Skoda,Octavia,2000
C798ET50RUS,1.0,5000.0,Ford,Focus,1992
Y7719C197RUS,2.0,4600.0,Ford,Focus,2017
9502XX38RUS,1.0,3000.0,Skoda,Octavia,2003
8521XX154RUS,1.0,1000.0,Ford,Focus,1986
Y273O8197RUS,2.0,26300.0,Ford,Focus,1993
M580CH197RUS,2.0,47500.0,Ford,Focus,2007
K376HE161RUS,1.0,100.0,Ford,Focus,1993
7193TT36RUS,2.0,3300.0,Ford,Focus,1986
O785T9163RUS,1.0,500.0,Ford,Focus,1983
H618YC38RUS,1.0,300.0,Volkswagen,Golf,1989
Y7689C197RUS,1.0,36000.0,Ford,Focus,1987
M592CH197RUS,1.0,3500.0,Skoda,Octavia,1988
Y352O8197RUS,2.0,77700.0,Ford,Focus,1992
9068EM178RUS,1.0,600.0,Ford,Focus,2000
7783KT197RUS,1.0,6000.0,Ford,Focus,1984
Y305E877RUS,2.0,2500.0,Ford,Focus,1982
E881OT197RUS,2.0,5500.0,Skoda,Octavia,1996
Y8259C197RUS,2.0,3000.0,Ford,Focus,2011
Y969O8197RUS,2.0,7800.0,Ford,Focus,1987
92928M178RUS,2.0,3000.0,Ford,Focus,1999
O718MM163RUS,2.0,7000.0,Ford,Focus,1989
Y7129Y50RUS,1.0,8594.6,Ford,Focus,1990
9975CC77RUS,2.0,7000.0,Ford,Focus,2002
C592EY154RUS,1.0,2000.0,Ford,Focus,2010
T195OK161RUS,1.0,6700.0,Ford,Mondeo,2013
Y966O8197RUS,2.0,20800.0,Ford,Focus,1993
T914CT197RUS,2.0,7200.0,Toyota,Camry,1999
E41977152RUS,2.0,2400.0,Ford,Focus,2001
T171CC96RUS,1.0,1000.0,Ford,Focus,1996
9464EX178RUS,2.0,2100.0,Ford,Focus,1993
O50197197RUS,2.0,7800.0,Ford,Focus,1986
7608EE777RUS,1.0,4000.0,Skoda,Octavia,2013
X583HE161RUS,1.0,3000.0,Ford,Focus,2010
Y7229Y50RUS,2.0,2500.0,Ford,Focus,2006
M6977E152RUS,1.0,500.0,Ford,Focus,1991
K2797K154RUS,1.0,800.0,Ford,Focus,2008
8325M7154RUS,1.0,1000.0,Ford,Focus,1994
Y192O8161RUS,2.0,300.0,Ford,Focus,2009
7784KT197RUS,1.0,6600.0,Ford,Focus,2000
96599X178RUS,1.0,500.0,Ford,Focus,2005
X760HY197RUS,1.0,10100.0,Ford,Focus,2002
Y358O8197RUS,2.0,10900.0,Ford,Focus,2011
H966HY161RUS,1.0,500.0,Ford,Focus,1999
9938KK197RUS,2.0,28500.0,Ford,Focus,1995
98087H178RUS,1.0,8594.6,Ford,Focus,1993
K2807K154RUS,1.0,500.0,Ford,Focus,1987
H977HY161RUS,1.0,600.0,Ford,Focus,2017
7367C8197RUS,1.0,6000.0,Ford,Focus,1980
9137X938RUS,1.0,1600.0,Ford,Focus,1998
Y356O8197RUS,2.0,15300.0,Ford,Focus,1985
9398MM199RUS,1.0,300.0,Volkswagen,Passat,1995
8436XX154RUS,1.0,2400.0,Ford,Focus,2011
8180XX154RUS,2.0,1400.0,Ford,Focus,1985
E53477152RUS,1.0,7200.0,Ford,Focus,1986
O718MM163RUS,2.0,3500.0,Ford,Focus,2010
9677MO178RUS,1.0,1100.0,Ford,Mondeo,2006
9498KX178RUS,1.0,4000.0,Ford,Focus,2000
K436MO152RUS,2.0,3000.0,Ford,Focus,1988
7194TT36RUS,2.0,2300.0,Ford,Focus,1994
7364C8197RUS,2.0,4500.0,Ford,Focus,1999
O136HO197RUS,2.0,7800.0,Toyota,Corolla,1989
O68897197RUS,2.0,12300.0,Ford,Focus,2015
O718MM163RUS,2.0,8594.6,Ford,Focus,2012
7065C8197RUS,2.0,11400.0,Volkswagen,Passat,2007
O22097197RUS,1.0,24300.0,Ford,Focus,1983
Y163O8161RUS,2.0,1600.0,Ford,Focus,1999
M0309X197RUS,1.0,22300.0,Ford,Focus,2018
O673E8197RUS,2.0,600.0,Ford,Focus,2005
8610T8154RUS,1.0,2000.0,Ford,Focus,1987
H419XE197RUS,2.0,8594.6,Toyota,Corolla,2009
M0299X197RUS,2.0,19200.0,Ford,Focus,1989
83298C154RUS,2.0,8594.6,Ford,Focus,1989
H957HY161RUS,1.0,2000.0,Ford,Focus,1981
T941CC96RUS,1.0,2000.0,Ford,Focus,2005
H966HY161RUS,1.0,500.0,Ford,Focus,2013
Y655E8750RUS,2.0,5200.0,Skoda,Octavia,1980
C410X938RUS,1.0,1100.0,Ford,Focus,1992
7781KT197RUS,1.0,1200.0,Ford,Focus,1995
97968K152RUS,2.0,500.0,Ford,Focus,2007
H837YK197RUS,2.0,4200.0,Audi,,1991
X320MK197RUS,1.0,7500.0,Ford,Focus,2016
96907X197RUS,2.0,3000.0,BMW,,2016
C798ET50RUS,1.0,10000.0,Ford,Focus,1990
8441XX154RUS,1.0,500.0,Ford,Focus,2015
8180XX154RUS,2.0,1400.0,Ford,Focus,2011
9402KK197RUS,2.0,8594.6,Toyota,Camry,1983
7840C8197RUS,2.0,7000.0,Ford,Focus,2008
7788KT197RUS,2.0,12000.0,Ford,Focus,1992
E41577152RUS,2.0,3000.0,Ford,Focus,1992
Y352O8197RUS,2.0,103600.0,Ford,Focus,2004
8321XX154RUS,1.0,100.0,Ford,Focus,2010
H976HY161RUS,2.0,2200.0,Ford,Focus,1988
K2797K154RUS,1.0,8594.6,Ford,Focus,1982
Y302E877RUS,1.0,500.0,Ford,Focus,2000
K2797K154RUS,1.0,800.0,Ford,Focus,2013
92918M178RUS,1.0,5700.0,Ford,Focus,1994
89557X197RUS,2.0,22400.0,Toyota,Camry,2003
8316XX154RUS,1.0,1100.0,Ford,Focus,1996
96659X178RUS,1.0,900.0,Ford,Focus,2016
H259HY161RUS,1.0,900.0,Toyota,Corolla,1999
X782CO96RUS,1.0,1000.0,Ford,Focus,2007
H232YH197RUS,1.0,8594.6,Ford,Focus,2013
T288CT96RUS,1.0,4500.0,Ford,Focus,1991
Y7129Y50RUS,1.0,8594.6,Ford,Focus,2017
T171CC96RUS,2.0,2000.0,Ford,Focus,2004
H906YK197RUS,1.0,12000.0,Ford,Focus,2018
E160YX77RUS,2.0,2200.0,Ford,Focus,1990
E816HE77RUS,1.0,3000.0,Ford,Focus,2008
Y8259C197RUS,2.0,3000.0,Ford,Focus,1995
H115YO163RUS,1.0,8594.6,Ford,Focus,1980
8437XX154RUS,1.0,8594.6,Ford,Focus,2003
H961HY161RUS,2.0,2500.0,Ford,Focus,2015
H237YH197RUS,1.0,600.0,Ford,Focus,1987
T6459O50RUS,1.0,2000.0,Ford,Focus,1992
M268CH197RUS,1.0,800.0,Toyota,Camry,2016
T6049O50RUS,2.0,15000.0,Ford,Focus,2007
C420X938RUS,2.0,3300.0,Ford,Focus,1997
C3829X154RUS,2.0,13500.0,Ford,Focus,2009
O22397197RUS,1.0,18500.0,Ford,Focus,2000
E52677152RUS,2.0,2500.0,Ford,Focus,2017
C584EY154RUS,1.0,500.0,Ford,Focus,2004
7828C8197RUS,2.0,6700.0,Ford,Focus,2002
7183TT36RUS,2.0,16200.0,Ford,Focus,1987
O718MM163RUS,2.0,7000.0,Ford,Focus,1999
X256HE161RUS,2.0,800.0,Ford,Focus,2012
E160YX77RUS,2.0,1100.0,Ford,Focus,1982
7840C8197RUS,2.0,3500.0,Ford,Focus,2007
X286TC36RUS,2.0,8594.6,Ford,Focus,1981
T6428M116RUS,2.0,6000.0,Ford,Focus,2002
Y7689C197RUS,2.0,45000.0,Ford,Focus,1998
H618YC38RUS,1.0,300.0,Volkswagen,Golf,1987
O49797197RUS,2.0,5300.0,Ford,Focus,1988
H419XE197RUS,2.0,6900.0,Toyota,Corolla,2017
H971HY161RUS,2.0,7400.0,Ford,Focus,2018
H957HY161RUS,1.0,8594.6,Ford,Focus,2013
T6449O50RUS,2.0,8594.6,Ford,Focus,1987
9499KX178RUS,1.0,4600.0,Ford,Focus,1994
T394KX197RUS,2.0,1500.0,Ford,Focus,1993
Y344E877RUS,1.0,1000.0,Ford,Focus,1980
O77997197RUS,2.0,5600.0,Ford,Focus,1993
O02397197RUS,1.0,4000.0,Volkswagen,Jetta,1989
98087H178RUS,1.0,8594.6,Ford,Focus,1996
O68897197RUS,1.0,8200.0,Ford,Focus,1993
Y359EY197RUS,2.0,3000.0,Skoda,Octavia,2001
O143HO197RUS,2.0,30300.0,Toyota,Corolla,2015
Y7379Y50RUS,2.0,2000.0,Ford,Focus,2010
Y8399C197RUS,2.0,1800.0,Ford,Focus,1991
9072EM178RUS,2.0,4400.0,Ford,Focus,1997
T6488M116RUS,2.0,21000.0,Ford,Focus,1980
9881HX152RUS,2.0,20600.0,Ford,Focus,2014
Y973O8197RUS,1.0,34800.0,Ford,Focus,2009
E394MO152RUS,2.0,10500.0,Ford,Focus,1986
X504X8197RUS,1.0,8594.6,Skoda,Octavia,2002
H214X836RUS,1.0,8000.0,Ford,Focus,1993
T535ET96RUS,2.0,3000.0,Ford,Focus,1980
C477M7161RUS,2.0,5000.0,Ford,Focus,1980
E53488152RUS,2.0,3600.0,Ford,Focus,1994
K2797K154RUS,2.0,2400.0,Ford,Focus,2017
E948C8152RUS,2.0,6000.0,Ford,Focus,2018
Y316E877RUS,2.0,7000.0,Ford,Focus,2002
O719MM163RUS,2.0,2300.0,Ford,Focus,1987
7843C8197RUS,2.0,12300.0,Ford,Focus,1989
7368C8197RUS,1.0,4400.0,Ford,Focus,2011
96679X178RUS,2.0,2400.0,Ford,Focus,1984
96857X197RUS,2.0,18900.0,Skoda,Octavia,2014
M256OH161RUS,2.0,1600.0,Ford,Focus,2010
M372CH197RUS,1.0,21600.0,Ford,Focus,2006
7844C8197RUS,2.0,34000.0,Ford,Focus,1998
H387TM197RUS,2.0,3200.0,Volkswagen,Passat,2009
Y166O8161RUS,1.0,100.0,Ford,Focus,1990
705787163RUS,1.0,100.0,Ford,Focus,2000
7197TT36RUS,2.0,6800.0,Ford,Focus,1999
84418C154RUS,1.0,3000.0,Ford,Focus,1995
H385TM197RUS,1.0,9500.0,Volkswagen,Passat,1981
E28877161RUS,1.0,1000.0,Ford,Focus,2013
Y653E8750RUS,1.0,500.0,Skoda,Octavia,2003
Y969O8197RUS,1.0,15600.0,Ford,Focus,1994
Y969O8197RUS,2.0,7800.0,Ford,Focus,1992
7361C8197RUS,1.0,1600.0,Ford,Focus,1998
Y038TO197RUS,1.0,7600.0,Toyota,Corolla,2001
7066C8197RUS,2.0,15000.0,Volkswagen,Passat,2014
T769OT197RUS,2.0,30900.0,Volkswagen,Golf,1994
O22297197RUS,1.0,8594.6,Ford,Focus,2017
7788KT197RUS,2.0,4000.0,Ford,Focus,2016
H115YO163RUS,2.0,1100.0,Ford,Focus,1982
E552MO152RUS,1.0,8594.6,Ford,Focus,1992
O83597197RUS,2.0,4000.0,Ford,Focus,2011
M592CH197RUS,2.0,8594.6,Skoda,Octavia,2008
X762HY197RUS,1.0,500.0,Ford,Focus,1995
M577CH197RUS,2.0,17000.0,Ford,Focus,1982
9182CE154RUS,2.0,13200.0,Ford,Focus,2013
K339T8197RUS,2.0,19200.0,Ford,Focus,2004
Y973O8197RUS,2.0,8594.6,Ford,Focus,2014
9428EX178RUS,1.0,500.0,Ford,Focus,1994
X4128H125RUS,2.0,8594.6,Ford,Focus,2008
X256HE161RUS,2.0,1600.0,Ford,Focus,2014
7842C8197RUS,1.0,6000.0,Ford,Focus,1984
O753MX161RUS,2.0,700.0,Ford,Focus,2014
T6559O50RUS,1.0,4000.0,Ford,Focus,2005
Y356O8197RUS,2.0,45900.0,Ford,Focus,1985
X759HY197RUS,1.0,37500.0,Ford,Focus,1993
H217X836RUS,1.0,2000.0,Ford,Focus,1998
Y654E8750RUS,1.0,500.0,Skoda,Octavia,2010
98017H178RUS,1.0,1500.0,Ford,Focus,1995
7183TT36RUS,2.0,5400.0,Ford,Focus,2005
O22097197RUS,1.0,24300.0,Ford,Focus,1999
H387TM197RUS,2.0,1600.0,Volkswagen,Passat,1993
E42577152RUS,2.0,8594.6,Ford,Focus,1988
Y275O8197RUS,1.0,8594.6,Ford,Focus,1993
9683EC178RUS,2.0,6500.0,Ford,Focus,1987
M374CH197RUS,1.0,5500.0,Ford,Focus,2018
9943OH154RUS,1.0,400.0,Skoda,Octavia,1997
K327T8197RUS,2.0,20800.0,Volkswagen,Golf,2002
X767HY197RUS,2.0,36000.0,Ford,Focus,1990
T686EO197RUS,1.0,1000.0,Toyota,Camry,1982
7831C8197RUS,2.0,6800.0,Ford,Focus,1985
9020YC197RUS,2.0,145000.0,Skoda,Octavia,1985
7369C8197RUS,2.0,8594.6,Ford,Focus,1983
O77997197RUS,2.0,8594.6,Ford,Focus,1988
7788KT197RUS,2.0,8594.6,Ford,Focus,1996
Y234E877RUS,1.0,8594.6,Ford,Focus,1981
O6939X163RUS,1.0,7200.0,Ford,Focus,1983
7364C8197RUS,2.0,8594.6,Ford,Focus,2004
9408H7178RUS,1.0,1000.0,Skoda,Octavia,1984
E40577152RUS,1.0,8594.6,Ford,Focus,1982
K328T8197RUS,1.0,300.0,Volkswagen,Golf,1991
9683EC178RUS,2.0,26000.0,Ford,Focus,1999
8439XX154RUS,2.0,4600.0,Ford,Focus,2018
X583HE161RUS,1.0,3000.0,Ford,Focus,1991
X795O796RUS,1.0,2000.0,Ford,Focus,2017
H427YH197RUS,1.0,9900.0,Volkswagen,Passat,2002
Y780EE197RUS,2.0,4600.0,Volkswagen,Golf,2015
9697MO178RUS,1.0,1000.0,Volkswagen,Golf,2018
9939KK197RUS,1.0,1600.0,Ford,Focus,2015
T018OX197RUS,2.0,3400.0,Toyota,Corolla,2011
7830C8197RUS,1.0,5100.0,Ford,Focus,1990
E53677152RUS,2.0,11000.0,Ford,Focus,2017
Y164O8161RUS,1.0,800.0,Ford,Focus,2001
T6419O50RUS,2.0,27000.0,Ford,Focus,2008
X765HY197RUS,2.0,13900.0,Ford,Focus,2013
X423MK197RUS,2.0,14300.0,Ford,Focus,1994
7826C8197RUS,2.0,3600.0,Ford,Focus,1997
E223YM197RUS,2.0,19500.0,Ford,Focus,2012
H977HY161RUS,1.0,600.0,Ford,Focus,1981
8603T8154RUS,1.0,1500.0,Ford,Focus,1992
98047H178RUS,1.0,500.0,Ford,Focus,2007
X522OM161RUS,1.0,1500.0,Ford,Focus,2005
O136HO197RUS,2.0,7800.0,Toyota,Corolla,1997
7089H8163RUS,2.0,4400.0,Toyota,Corolla,1985
O718MM163RUS,2.0,8594.6,Ford,Focus,1998
7608EE777RUS,1.0,4000.0,Skoda,Octavia,1987
T171CC96RUS,1.0,1000.0,Ford,Focus,1996
E822TH36RUS,2.0,12900.0,Ford,Focus,2013
H115YO163RUS,1.0,2200.0,Ford,Focus,1994
7365C8197RUS,1.0,2300.0,Ford,Focus,1981
C299K9154RUS,1.0,500.0,Ford,Focus,1984
M2169X197RUS,2.0,3100.0,Ford,Focus,1992
Y7659C197RUS,2.0,8594.6,Ford,Focus,1982
E396MO152RUS,2.0,3000.0,Ford,Focus,2013
O22297197RUS,1.0,500.0,Ford,Focus,2001
7364C8197RUS,2.0,4500.0,Ford,Focus,1981
Y192O8161RUS,2.0,300.0,Ford,Focus,1987
H220X836RUS,1.0,7000.0,Ford,Focus,2011
T483CT96RUS,1.0,500.0,Ford,Focus,1984
X257HE161RUS,1.0,5000.0,Ford,Focus,2000
8182XX154RUS,1.0,200.0,Ford,Focus,1996
X796TH96RUS,1.0,500.0,Ford,Focus,2002
T011MY163RUS,2.0,4000.0,Ford,Focus,1996
T341CC96RUS,2.0,1000.0,Volkswagen,Passat,2012
T119CT96RUS,1.0,2000.0,Ford,Focus,1984
70RUS,1.0,100.0,Dodge,Neon,2001
71RUS,2.0,1100.0,Ford,Focus,2000
72RUS,1.0,200.0,Ford,Focus,1999
73RUS,5.0,500.0,Ford,Focus,2004
74RUS,6.0,500.0,Ford,Focus,2004
